{"initial_reset_timestamp": 1593793294.9797292, "timestamps": [1593793299.0813816, 1593793300.095107, 1593793300.0955796, 1593793300.096897, 1593793300.0978909, 1593793300.0984237, 1593793300.0988023, 1593793300.0993416, 1593793300.1005068, 1593793300.1010845, 1593793300.101345, 1593793301.1308687, 1593793302.1433363, 1593793302.1440022, 1593793302.1443594, 1593793302.1449041, 1593793302.1456943, 1593793302.1471121, 1593793302.1476429, 1593793302.1490579, 1593793302.1497905, 1593793302.150066, 1593793303.677967, 1593793304.6938877, 1593793304.6941915, 1593793304.6944153, 1593793304.6954868, 1593793304.6960323, 1593793304.696502, 1593793304.6968648, 1593793304.6973228, 1593793304.6979504, 1593793304.6983044, 1593793305.218453, 1593793306.2250834, 1593793306.2260244, 1593793306.2266605, 1593793306.2274454, 1593793306.228014, 1593793306.2282665, 1593793306.2294776, 1593793306.229925, 1593793306.230524, 1593793306.2308927, 1593793307.269541, 1593793308.2821946, 1593793308.2826827, 1593793308.2830265, 1593793308.2838132, 1593793308.2842767, 1593793308.2852204, 1593793308.2855878, 1593793308.2867956, 1593793308.2872205, 1593793308.2875855, 1593793309.3212268, 1593793310.3319726, 1593793310.3329582, 1593793310.3338506, 1593793310.3344471, 1593793310.3351743, 1593793310.3356085, 1593793310.3358343, 1593793310.3361344, 1593793310.3365893, 1593793310.3375473, 1593793310.3425825, 1593793311.3558893, 1593793311.3566103, 1593793311.357161, 1593793311.3575387, 1593793311.3579793, 1593793311.3585036, 1593793311.3595266, 1593793311.360291, 1593793311.3607402, 1593793311.3610024, 1593793312.3945463, 1593793313.4059055, 1593793313.406813, 1593793313.4072723, 1593793313.4085598, 1593793313.4090934, 1593793313.4099462, 1593793313.4112046, 1593793313.41189, 1593793313.4127884, 1593793313.4130144, 1593793313.4159276, 1593793314.423415, 1593793314.424085, 1593793314.4246113, 1593793314.4257433, 1593793314.4262896, 1593793314.4266145, 1593793314.4268513, 1593793314.4272077, 1593793314.4277027, 1593793314.4284377, 1593793315.9771013, 1593793316.9898815, 1593793316.9905617, 1593793316.990886, 1593793316.992002, 1593793316.992516, 1593793316.9927208, 1593793316.9934273, 1593793316.994276, 1593793316.9953406, 1593793316.9959025], "episode_lengths": [9, 7, 9, 50, 24, 18, 7, 21, 50, 11, 4, 3, 1, 22, 1, 8, 26, 50, 1, 50, 3, 5, 4, 14, 1, 4, 42, 4, 13, 5, 13, 19, 2, 2, 50, 10, 18, 17, 5, 2, 31, 6, 19, 5, 3, 15, 7, 6, 27, 6, 10, 1, 50, 1, 11, 3, 10, 19, 17, 10, 24, 6, 2, 8, 12, 34, 1, 39, 6, 17, 5, 12, 14, 37, 19, 7, 3, 3, 2, 33, 5, 50, 3, 33, 43, 14, 22, 4, 1, 17, 17, 10, 35, 7, 5, 2, 10, 13, 23, 4, 29, 11, 5, 45, 6, 1, 16, 24, 23, 7], "episode_rewards": [-8.0, -6.0, -8.0, -50.0, -23.0, -17.0, -6.0, -20.0, -50.0, -10.0, -3.0, -2.0, 0.0, -21.0, 0.0, -7.0, -25.0, -50.0, 0.0, -50.0, -2.0, -4.0, -3.0, -13.0, 0.0, -3.0, -41.0, -3.0, -12.0, -4.0, -12.0, -18.0, -1.0, -1.0, -50.0, -9.0, -17.0, -16.0, -4.0, -1.0, -30.0, -5.0, -18.0, -4.0, -2.0, -14.0, -6.0, -5.0, -26.0, -5.0, -9.0, 0.0, -50.0, 0.0, -10.0, -2.0, -9.0, -18.0, -16.0, -9.0, -23.0, -5.0, -1.0, -7.0, -11.0, -33.0, 0.0, -38.0, -5.0, -16.0, -4.0, -11.0, -13.0, -36.0, -18.0, -6.0, -2.0, -2.0, -1.0, -32.0, -4.0, -50.0, -2.0, -32.0, -42.0, -13.0, -21.0, -3.0, 0.0, -16.0, -16.0, -9.0, -34.0, -6.0, -4.0, -1.0, -9.0, -12.0, -22.0, -3.0, -28.0, -10.0, -4.0, -44.0, -5.0, 0.0, -15.0, -23.0, -22.0, -6.0], "episode_types": ["t", "t", "t", "t", "t", "t", "t", "t", "t", "t", "t", "t", "t", "t", "t", "t", "t", "t", "t", "t", "t", "t", "t", "t", "t", "t", "t", "t", "t", "t", "t", "t", "t", "t", "t", "t", "t", "t", "t", "t", "t", "t", "t", "t", "t", "t", "t", "t", "t", "t", "t", "t", "t", "t", "t", "t", "t", "t", "t", "t", "t", "t", "t", "t", "t", "t", "t", "t", "t", "t", "t", "t", "t", "t", "t", "t", "t", "t", "t", "t", "t", "t", "t", "t", "t", "t", "t", "t", "t", "t", "t", "t", "t", "t", "t", "t", "t", "t", "t", "t", "t", "t", "t", "t", "t", "t", "t", "t", "t", "t"]}