{"initial_reset_timestamp": 1593707051.5593584, "timestamps": [1593707068.3798287], "episode_lengths": [500], "episode_rewards": [500.0], "episode_types": ["t"]}