{"initial_reset_timestamp": 1591898013.2867734, "timestamps": [1591898014.1753933], "episode_lengths": [12], "episode_rewards": [12.0], "episode_types": ["t"]}